{"RMSE": 27936.958181424143, "MSE": 780473632.4306413, "MAE": 16453.650541589646, "R2": 0.8982476610056904}