{"RMSE": 24365.083982579392, "MSE": 593657317.4781469, "MAE": 14926.665199593323, "R2": 0.9226033806851803}